{"stats":{"minecraft:killed_by":{"minecraft:player":2,"minecraft:zombie":1,"undead_revamp2:thesmoker":1},"minecraft:picked_up":{"minecraft:cocoa_beans":9,"immersiveengineering:heavy_engineering":5,"minecraft:gold_block":3,"quark:gunpowder_sack":5,"refinedstorage:controller":1,"minecraft:string":77,"quark:polished_calcite_vertical_slab":2,"apocalypsenow:night_stick":1,"minecraft:smooth_stone":2,"apocalypsenow:construction_boots":2,"apocalypsenow:red_football_armor_chestplate":1,"minecraft:poppy":1,"minecraft:melon_slice":73,"minecraft:chest":1,"minecraft:stick":33,"embellishcraft:smooth_marble":24,"tac:m4":1,"minecraft:torch":6,"minecraft:bowl":1,"biomesoplenty:umbran_planks":60,"apocalypsenow:forestguard_leggings":1,"minecraft:quartz_block":1,"minecraft:light_gray_bed":2,"minecraft:rotten_flesh":50,"biomesoplenty:umbran_sapling":32,"minecraft:hay_block":15,"minecraft:iron_block":9,"minecraft:cyan_terracotta":7,"apocalypsenow:police_chestplate":1,"apocalypsenow:police_boots":1,"immersiveengineering:rs_engineering":1,"minecraft:iron_bars":4,"apocalypsenow:money_block":9,"minecraft:white_wool":1,"minecraft:cobblestone":5,"biomesoplenty:lavender":2,"tac:round45":14,"minecraft:potato":2,"minecraft:birch_planks":2,"biomesoplenty:fir_log":1,"embellishcraft:polished_marble":3,"minecraft:dirt":1,"minecraft:lantern":2,"embellishcraft:gneiss_large_bricks_wall":1,"minecraft:bone":72,"minecraft:stone_bricks":16,"minecraft:wheat_seeds":3,"apocalypsenow:human_flesh":2,"minecraft:iron_ingot":1,"create:shaft":1,"artifacts:antidote_vessel":1,"tac:9mm_round":21,"apocalypsenow:police_helmet":1,"biomesoplenty:cherry_log":12,"biomesoplenty:umbran_log":387,"minecraft:sweet_berries":2,"create:cogwheel":3,"minecraft:stone_brick_slab":3,"minecraft:spruce_log":2,"minecraft:diamond_block":1,"immersiveengineering:seed":2,"immersiveengineering:capacitor_hv":1,"minecraft:coal":9,"minecraft:diamond_pickaxe":1},"minecraft:dropped":{"apocalypsenow:police_boots":2,"apocalypsenow:police_helmet":2,"minecraft:wheat_seeds":1,"minecraft:glass_bottle":3,"minecraft:cookie":4,"apocalypsenow:police_leggings":1,"apocalypsenow:canned_tomatos":4,"minecraft:stick":7,"tac:m4":3,"apocalypsenow:night_stick":3,"apocalypsenow:construction_boots":2,"minecraft:string":65,"minecraft:white_wool":1,"minecraft:rotten_flesh":29,"apocalypsenow:police_chestplate":1,"apocalypsenow:canned_pork":7,"minecraft:poppy":1,"minecraft:leather_chestplate":1,"minecraft:quartz_block":1,"minecraft:iron_bars":1,"minecraft:wooden_pickaxe":1,"apocalypsenow:forestguard_leggings":1,"minecraft:stone_pickaxe":1},"minecraft:custom":{"lootr:looted_stat":27,"minecraft:mob_kills":194,"minecraft:interact_with_crafting_table":7,"minecraft:open_shulker_box":4,"minecraft:damage_dealt_resisted":1481,"minecraft:leave_game":2,"minecraft:time_since_death":12941,"minecraft:climb_one_cm":21998,"minecraft:sprint_one_cm":254982,"minecraft:walk_one_cm":334264,"minecraft:drop":38,"minecraft:talked_to_villager":1,"minecraft:play_time":128001,"minecraft:deaths":4,"minecraft:sneak_time":3523,"minecraft:walk_under_water_one_cm":3790,"minecraft:jump":1120,"minecraft:walk_on_water_one_cm":24665,"minecraft:total_world_time":128001,"minecraft:sleep_in_bed":1,"minecraft:time_since_rest":12969,"minecraft:damage_taken":1875,"minecraft:damage_dealt":20636,"minecraft:swim_one_cm":39151,"minecraft:fly_one_cm":337505,"minecraft:player_kills":2,"minecraft:open_chest":19,"minecraft:crouch_one_cm":5454,"minecraft:interact_with_smoker":1,"minecraft:fall_one_cm":23097},"minecraft:mined":{"immersiveengineering:capacitor_hv":1,"embellishcraft:air_duct":3,"minecraft:gray_stained_glass_pane":4,"minecraft:light_gray_bed":3,"minecraft:spruce_leaves":2,"minecraft:spawner":14,"embellishcraft:smooth_basalt":6,"minecraft:smooth_stone":2,"minecraft:hay_block":14,"create:shaft":1,"immersivepetroleum:asphalt":2,"minecraft:heavy_weighted_pressure_plate":1,"create:vertical_framed_glass":3,"minecraft:diamond_block":1,"minecraft:gold_block":3,"minecraft:iron_bars":3,"minecraft:lantern":1,"immersiveengineering:rs_engineering":1,"minecraft:iron_block":9,"minecraft:stone":4,"create:cogwheel":3,"create:cut_limestone_brick_slab":2,"minecraft:quartz_block":1,"minecraft:cyan_terracotta":10,"create:cut_limestone_bricks":4,"minecraft:stone_brick_slab":3,"apocalypsenow:money_block":9,"minecraft:torch":3,"minecraft:poppy":1,"minecraft:melon":13,"minecraft:chest":1,"immersiveengineering:heavy_engineering":5,"embellishcraft:polished_marble":3,"embellishcraft:smooth_slate_stairs":1,"embellishcraft:gneiss_large_bricks_wall":1,"quark:gray_framed_glass":2,"minecraft:cobblestone":1,"minecraft:oak_planks":1,"minecraft:iron_door":3,"minecraft:wall_torch":2,"immersiveengineering:concrete":1,"minecraft:sweet_berry_bush":2,"quark:gunpowder_sack":5,"minecraft:spruce_log":2,"biomesoplenty:fir_log":1,"minecraft:grass":4,"embellishcraft:smooth_marble":25,"minecraft:cocoa":3,"minecraft:dirt":2,"minecraft:cobweb":9,"refinedstorage:controller":1,"minecraft:stone_bricks":16,"quark:polished_calcite_vertical_slab":3,"cfm:cyan_kitchen_counter":1,"minecraft:oak_leaves":4,"minecraft:fern":19},"minecraft:used":{"minecraft:iron_bars":3,"minecraft:chest":7,"minecraft:torch":9,"minecraft:dirt":1,"quark:gunpowder_sack":7,"refinedstorage:controller":1,"embellishcraft:smooth_marble":13,"minecraft:stone_brick_slab":2,"minecraft:cyan_terracotta":5,"apocalypsenow:bowie_machete":257,"minecraft:lantern":2,"minecraft:iron_block":4,"minecraft:iron_axe":2,"quark:polished_calcite_vertical_slab":2,"minecraft:stone_bricks":5,"minecraft:light_gray_bed":2,"minecraft:stone_pickaxe":28,"minecraft:wooden_pickaxe":31,"minecraft:crafting_table":1,"biomesoplenty:umbran_planks":146,"apocalypsenow:tatical_mace":367,"minecraft:diamond_pickaxe":78,"minecraft:bread":12,"minecraft:iron_pickaxe":27,"cgm:grenade":1,"minecraft:potion":18},"minecraft:crafted":{"minecraft:air":528},"minecraft:killed":{"hordes:zombie_player":2,"undead_revamp2:thesmoker":13,"undead_revamp2:bomber":1,"zombie_extreme:demolisher":1,"minecraft:drowned":1,"zombiemobs:zombie_dolphin":1,"zombie_extreme:runner":5,"zombie_extreme:crawler":4,"minecraft:husk":27,"minecraft:zombie_villager":1,"undead_revamp2:the_moonflower":9,"minecraft:zombie":101,"zombie_extreme:infected_police":4,"alexsmobs:fly":2},"minecraft:broken":{"minecraft:iron_axe":1}},"DataVersion":2975}