{"stats":{"minecraft:killed_by":{"minecraft:husk":1,"minecraft:player":1},"minecraft:picked_up":{"minecraft:charcoal":8,"embellishcraft:warning_steel_door":1,"minecraft:leather_leggings":1,"tac:sti2011":1,"farmersdelight:tomato_sauce":5,"minecraft:potion":12,"minecraft:gold_block":21,"apocalypsenow:u_sarmy_helmet":2,"embellishcraft:white_steel_door":1,"minecraft:string":222,"quark:polished_calcite_vertical_slab":5,"apocalypsenow:night_stick":1,"embellishcraft:smooth_basalt":12,"immersiveengineering:steel_slope":1,"apocalypsenow:red_football_armor_chestplate":3,"minecraft:chest":1,"embellishcraft:sturdy_steel_door":2,"biomesoplenty:cherry_planks":70,"minecraft:melon_slice":87,"minecraft:sugar_cane":4,"minecraft:furnace":1,"minecraft:stick":57,"embellishcraft:smooth_marble":11,"tac:m4":1,"minecraft:torch":82,"minecraft:bowl":1,"tac:mp9":1,"apocalypsenow:forestguard_leggings":1,"quark:spruce_vertical_slab":1,"easy_villagers:villager":1,"minecraft:light_gray_bed":1,"minecraft:rotten_flesh":117,"createaddition:barbed_wire":52,"minecraft:brown_shulker_box":1,"minecraft:iron_block":41,"minecraft:gold_ingot":11,"apocalypsenow:police_chestplate":1,"embellishcraft:smooth_slate_stairs":1,"apocalypsenow:police_boots":1,"biomesoplenty:pink_cherry_sapling":32,"minecraft:white_wool":1,"apocalypsenow:money_block":55,"minecraft:cobblestone":8,"apocalypsenow:u_sarmy_boots":2,"tac:round45":93,"minecraft:iron_door":7,"minecraft:salmon":51,"biomesoplenty:fir_sapling":26,"biomesoplenty:fir_log":275,"contenttweaker:rubber":2,"apocalypsenow:construction_chestplate":2,"farmersdelight:cod_roll":1,"minecraft:dirt":3,"minecraft:lantern":1,"cgm:grenade":4,"embellishcraft:gneiss_large_bricks_wall":4,"artifacts:shock_pendant":2,"createdeco:locked_cast_iron_door":1,"minecraft:bone":96,"apocalypsenow:construction_leggings":2,"farmersdelight:salmon_roll":6,"ftbquests:book":1,"tac:nato_556_bullet":9,"apocalypsenow:money":19,"minecraft:iron_ingot":7,"tac:9mm_round":77,"minecraft:glass_bottle":12,"simplylight:illuminant_block":2,"biomesoplenty:cherry_log":101,"minecraft:oak_planks":1,"tac:ae50":41,"minecraft:book":3,"quark:light_gray_shard":5,"apocalypsenow:police_leggings":1,"minecraft:white_bed":1,"apocalypsenow:dagger":1,"apocalypsenow:royal_canada_police_officer_boots":1,"biomesoplenty:bramble":1,"minecraft:diamond":1,"apocalypsenow:bayonet":1,"xpbook:xp_tome":1,"minecraft:white_concrete":1,"apocalypsenow:safe":2,"minecraft:bread":8,"embellishcraft:air_duct":2,"quark:gray_shard":15,"apocalypsenow:construction_helmet":2,"rocks:cobblestone_splitter":1,"minecraft:diamond_pickaxe":2},"minecraft:mined":{"minecraft:white_bed":1,"biomesoplenty:cherry_log":4,"embellishcraft:sturdy_steel_door":3,"embellishcraft:white_steel_door":1,"apocalypsenow:safe":2,"minecraft:gray_stained_glass_pane":3,"biomesoplenty:bramble":1,"minecraft:grass_block":6,"minecraft:light_gray_bed":6,"minecraft:white_concrete":1,"rocks:rock":1,"minecraft:spawner":19,"embellishcraft:smooth_basalt":1,"minecraft:hay_block":1,"minecraft:smooth_stone":1,"minecraft:furnace":1,"biomesoplenty:lavender":1,"immersiveengineering:steel_slope":1,"minecraft:gold_block":10,"embellishcraft:warning_steel_door":1,"biomesoplenty:mahogany_leaves":1,"minecraft:iron_bars":2,"minecraft:lantern":1,"minecraft:stone":8,"minecraft:iron_block":19,"minecraft:tripwire":2,"minecraft:brown_shulker_box":1,"minecraft:cyan_terracotta":3,"minecraft:polished_deepslate_stairs":1,"createdeco:locked_cast_iron_door":1,"quark:spruce_bookshelf":1,"apocalypsenow:money_block":14,"minecraft:torch":64,"minecraft:cyan_stained_glass_pane":2,"minecraft:gray_stained_glass":5,"minecraft:melon":9,"quark:framed_glass_pane":1,"minecraft:chest":1,"embellishcraft:polished_marble":3,"minecraft:campfire":1,"embellishcraft:gneiss_large_bricks_wall":6,"minecraft:sugar_cane":2,"minecraft:iron_door":6,"createaddition:barbed_wire":26,"minecraft:wall_torch":6,"minecraft:birch_planks":2,"minecraft:light_gray_stained_glass":4,"quark:spruce_vertical_slab":1,"minecraft:grass":3,"embellishcraft:smooth_marble":16,"minecraft:dirt":3,"minecraft:cobweb":54,"biomesoplenty:fir_sapling":1,"simplylight:illuminant_block":2,"minecraft:stone_bricks":3,"quark:polished_calcite_vertical_slab":5,"minecraft:fern":15},"minecraft:custom":{"lootr:looted_stat":36,"minecraft:mob_kills":131,"minecraft:interact_with_crafting_table":32,"minecraft:open_barrel":3,"minecraft:open_shulker_box":4,"minecraft:damage_dealt_resisted":26,"minecraft:leave_game":1,"minecraft:time_since_death":26769,"minecraft:climb_one_cm":32615,"minecraft:sprint_one_cm":218192,"minecraft:walk_one_cm":458796,"minecraft:drop":54,"minecraft:damage_dealt_absorbed":120,"minecraft:play_time":130649,"minecraft:deaths":3,"minecraft:sneak_time":3058,"minecraft:walk_under_water_one_cm":2463,"minecraft:jump":1423,"minecraft:walk_on_water_one_cm":19390,"minecraft:total_world_time":130649,"minecraft:interact_with_furnace":1,"minecraft:time_since_rest":26834,"minecraft:damage_taken":1724,"minecraft:damage_dealt":10477,"minecraft:swim_one_cm":24224,"minecraft:fly_one_cm":274929,"minecraft:player_kills":1,"minecraft:open_chest":30,"minecraft:crouch_one_cm":9228,"minecraft:interact_with_smoker":1,"minecraft:fall_one_cm":28934},"minecraft:dropped":{"minecraft:iron_ingot":7,"minecraft:bread":8,"apocalypsenow:police_boots":1,"minecraft:glass_bottle":6,"tac:round45":12,"minecraft:crafting_table":1,"artifacts:shock_pendant":1,"apocalypsenow:police_leggings":1,"farmersdelight:cod_roll":1,"minecraft:coal":9,"tac:hk_mp5a5":1,"minecraft:stick":41,"apocalypsenow:night_stick":1,"minecraft:torch":2,"minecraft:iron_door":2,"apocalypsenow:construction_helmet":1,"minecraft:white_wool":1,"ftbquests:book":1,"minecraft:bone":68,"biomesoplenty:cherry_planks":21,"minecraft:bowl":2,"embellishcraft:smooth_marble":3,"biomesoplenty:cherry_log":12,"apocalypsenow:police_chestplate":1,"minecraft:rotten_flesh":79,"minecraft:salmon":34,"minecraft:gunpowder":13,"apocalypsenow:bayonet":1,"minecraft:diamond_pickaxe":3,"minecraft:charcoal":4,"apocalypsenow:dagger":1,"artifacts:antidote_vessel":1,"minecraft:leather_leggings":1,"apocalypsenow:forestguard_leggings":1,"apocalypsenow:can_opener":1},"minecraft:used":{"farmersdelight:kelp_roll_slice":3,"biomesoplenty:cherry_log":10,"minecraft:chest":8,"apocalypsenow:survival_axe":121,"minecraft:torch":96,"minecraft:dirt":3,"apocalypsenow:safe":1,"apocalypsenow:police_leggings":1,"embellishcraft:smooth_marble":3,"farmersdelight:vegetable_soup":4,"biomesoplenty:cherry_planks":39,"minecraft:lantern":1,"minecraft:iron_axe":6,"farmersdelight:tomato_sauce":5,"apocalypsenow:bayonet":190,"apocalypsenow:night_stick":175,"minecraft:light_gray_bed":1,"apocalypsenow:police_chestplate":1,"minecraft:water_bucket":1,"minecraft:stone_pickaxe":5,"minecraft:oak_planks":1,"minecraft:wooden_pickaxe":26,"biomesoplenty:fir_planks":27,"apocalypsenow:police_boots":1,"minecraft:cookie":6,"minecraft:crafting_table":12,"embellishcraft:gneiss_large_bricks_wall":1,"minecraft:white_bed":2,"minecraft:diamond_pickaxe":76,"minecraft:bread":6,"minecraft:melon_slice":1,"minecraft:string":2,"minecraft:iron_pickaxe":69,"minecraft:iron_door":2,"embellishcraft:smooth_basalt":6,"apocalypsenow:dagger":19,"minecraft:potion":19,"minecraft:bucket":2},"minecraft:crafted":{"biomesoplenty:cherry_planks":116,"apocalypsenow:red_football_armor_chestplate":1,"firstaid:plaster":3,"minecraft:stone_pickaxe":1,"minecraft:chest":5,"minecraft:crafting_table":12,"minecraft:bucket":1,"minecraft:air":188,"minecraft:string":4,"minecraft:white_wool":28,"minecraft:diamond_pickaxe":3,"minecraft:stick":24,"minecraft:iron_ingot":9,"minecraft:iron_pickaxe":1,"firstaid:bandage":2,"minecraft:white_bed":1,"minecraft:torch":18},"minecraft:killed":{"hordes:zombie_player":1,"undead_revamp2:thesmoker":1,"undead_revamp2:bomber":1,"zombie_extreme:runner":10,"zombie_extreme:crawler":1,"minecraft:husk":14,"undead_revamp2:the_moonflower":8,"minecraft:zombie":58},"minecraft:broken":{"apocalypsenow:survival_axe":1,"minecraft:iron_axe":1,"minecraft:wooden_axe":1}},"DataVersion":2975}