{"stats":{"minecraft:killed_by":{"minecraft:player":1,"undead_revamp2:the_moonflower":1},"minecraft:picked_up":{"apocalypsenow:u_sarmy_boots":1,"tac:round45":9,"apocalypsenow:blue_football_armor_leggings":1,"minecraft:crafting_table":1,"apocalypsenow:blue_football_armor_helmet":1,"minecraft:potato":2,"biomesoplenty:fir_sapling":1,"biomesoplenty:fir_log":5,"create:brass_block":8,"minecraft:oak_log":4,"embellishcraft:polished_marble":2,"quark:gunpowder_sack":2,"minecraft:heavy_weighted_pressure_plate":1,"minecraft:string":85,"minecraft:dirt":5,"apocalypsenow:canned_tomatos":4,"artifacts:shock_pendant":1,"embellishcraft:gneiss_large_bricks_wall":1,"minecraft:leather_boots":1,"minecraft:quartz_slab":7,"farmersdelight:honey_glazed_ham_block":1,"minecraft:bone":84,"minecraft:wheat_seeds":1,"solcarrot:food_book":3,"apocalypsenow:night_stick":2,"minecraft:smooth_stone":23,"apocalypsenow:construction_boots":1,"apocalypsenow:money":2,"artifacts:kitty_slippers":1,"immersiveengineering:storage_steel":3,"minecraft:poppy":1,"tac:9mm_round":16,"minecraft:melon_slice":19,"apocalypsenow:police_helmet":1,"minecraft:oak_planks":5,"apocalypsenow:blue_football_armor_boots":1,"quark:light_gray_shard":15,"minecraft:stick":6,"apocalypsenow:u_sarmy_chestplate":1,"apocalypsenow:royal_canada_police_officer_leggings":1,"embellishcraft:smooth_marble":8,"tac:m4":2,"minecraft:torch":12,"apocalypsenow:canned_pork":7,"biomesoplenty:umbran_planks":2,"minecraft:cookie":4,"tac:hk_mp5a5":1,"apocalypsenow:dagger":1,"minecraft:leather_helmet":1,"minecraft:quartz_block":1,"minecraft:rotten_flesh":106,"biomesoplenty:umbran_sapling":4,"minecraft:brown_shulker_box":3,"minecraft:iron_block":4,"minecraft:cyan_terracotta":25,"apocalypsenow:police_boots":1,"minecraft:light_gray_carpet":10,"apocalypsenow:construction_helmet":2,"minecraft:iron_bars":3,"minecraft:coal":8,"minecraft:white_wool":1,"minecraft:cobblestone":14,"minecraft:diamond_pickaxe":1},"minecraft:dropped":{"minecraft:wheat_seeds":1,"artifacts:kitty_slippers":1,"apocalypsenow:royal_canada_police_officer_leggings":1,"minecraft:oak_planks":2,"minecraft:leather_helmet":1,"minecraft:heavy_weighted_pressure_plate":1,"apocalypsenow:construction_boots":1,"minecraft:torch":5,"solcarrot:food_book":1,"apocalypsenow:construction_helmet":1,"minecraft:iron_bars":1,"minecraft:smooth_stone":9,"minecraft:string":10,"embellishcraft:polished_marble":2},"minecraft:custom":{"minecraft:interact_with_furnace":1,"lootr:looted_stat":13,"minecraft:mob_kills":100,"minecraft:toilet_used":1,"minecraft:interact_with_crafting_table":11,"minecraft:open_shulker_box":15,"minecraft:damage_dealt_resisted":98,"minecraft:leave_game":1,"minecraft:time_since_death":7876,"minecraft:climb_one_cm":15998,"minecraft:time_since_rest":7903,"minecraft:sprint_one_cm":100272,"minecraft:damage_taken":1025,"minecraft:walk_one_cm":243028,"minecraft:fridge_opened":3,"minecraft:drop":19,"minecraft:damage_dealt":6756,"minecraft:player_kills":1,"minecraft:swim_one_cm":20203,"minecraft:talked_to_villager":1,"minecraft:freezer_opened":4,"minecraft:fly_one_cm":75626,"minecraft:open_chest":6,"minecraft:crouch_one_cm":13597,"minecraft:play_time":74943,"minecraft:deaths":2,"minecraft:sneak_time":6376,"minecraft:walk_under_water_one_cm":3197,"minecraft:jump":442,"minecraft:walk_on_water_one_cm":4748,"minecraft:total_world_time":74943,"minecraft:fall_one_cm":11482},"minecraft:mined":{"minecraft:brown_shulker_box":3,"farmersdelight:honey_glazed_ham_block":1,"minecraft:light_gray_carpet":10,"minecraft:quartz_block":1,"minecraft:cyan_terracotta":22,"minecraft:gray_stained_glass_pane":1,"minecraft:torch":1,"biomesoplenty:umbran_planks":2,"minecraft:melon":4,"minecraft:grass_block":4,"minecraft:gray_stained_glass":1,"minecraft:light_gray_bed":2,"embellishcraft:polished_marble":3,"embellishcraft:gneiss_large_bricks_wall":1,"minecraft:cobblestone":4,"minecraft:oak_planks":3,"minecraft:wall_torch":6,"immersiveengineering:storage_steel":3,"immersiveengineering:concrete":2,"minecraft:spawner":7,"embellishcraft:smooth_basalt":5,"minecraft:smooth_stone":14,"minecraft:black_stained_glass_pane":2,"minecraft:light_gray_stained_glass":4,"quark:gunpowder_sack":2,"biomesoplenty:fir_log":5,"minecraft:grass":1,"embellishcraft:smooth_marble":3,"minecraft:oak_log":4,"minecraft:coal_ore":9,"biomesoplenty:fir_leaves":2,"minecraft:iron_bars":2,"minecraft:quartz_slab":7,"minecraft:cobweb":10,"create:brass_block":8,"minecraft:stone":10,"minecraft:iron_block":4,"minecraft:fern":1},"minecraft:used":{"farmersdelight:honey_glazed_ham_block":1,"minecraft:oak_planks":5,"minecraft:wooden_pickaxe":17,"minecraft:brown_shulker_box":2,"minecraft:oak_door":3,"minecraft:cookie":1,"minecraft:torch":16,"minecraft:dirt":5,"minecraft:crafting_table":3,"create:cogwheel":3,"embellishcraft:gneiss_large_bricks_wall":1,"embellishcraft:smooth_marble":2,"minecraft:diamond_pickaxe":114,"minecraft:cyan_terracotta":11,"minecraft:iron_axe":2,"biomesoplenty:fir_sapling":1,"minecraft:bread":2,"apocalypsenow:dagger":19,"minecraft:stone_axe":27,"minecraft:potion":4,"minecraft:cobblestone":11,"create:shaft":1,"apocalypsenow:night_stick":218,"minecraft:smooth_stone":1},"minecraft:crafted":{"minecraft:air":135,"minecraft:white_wool":2,"minecraft:iron_axe":1,"apocalypsenow:night_stick":1,"minecraft:stick":4},"minecraft:killed":{"zombie_extreme:crawler":1,"minecraft:husk":7,"undead_revamp2:the_moonflower":1,"zombiemobs:zombie_sheep":1,"minecraft:zombie":64,"zombie_extreme:infected_police":2}},"DataVersion":2975}