{"stats":{"minecraft:broken":{"minecraft:wooden_axe":1},"minecraft:crafted":{"minecraft:stick":4,"minecraft:air":19},"minecraft:custom":{"minecraft:time_since_rest":6642,"minecraft:sprint_one_cm":21822,"minecraft:play_time":6642,"minecraft:damage_taken":10,"minecraft:walk_one_cm":11248,"minecraft:sneak_time":17,"minecraft:walk_under_water_one_cm":1396,"minecraft:jump":58,"minecraft:leave_game":3,"minecraft:walk_on_water_one_cm":282,"minecraft:time_since_death":6642,"minecraft:total_world_time":6642,"minecraft:interact_with_crafting_table":1,"minecraft:fall_one_cm":1218,"minecraft:fly_one_cm":10065},"minecraft:picked_up":{"biomesoplenty:redwood_log":907,"minecraft:stick":86,"minecraft:crafting_table":1,"biomesoplenty:redwood_sapling":116},"minecraft:used":{"minecraft:potion":4,"minecraft:crafting_table":1},"minecraft:mined":{"biomesoplenty:redwood_log":4,"rocks:rock":1,"minecraft:crafting_table":1}},"DataVersion":2975}