{"stats":{"minecraft:custom":{"minecraft:jump":11,"minecraft:time_since_rest":1968,"minecraft:leave_game":1,"lootr:looted_stat":1,"minecraft:walk_on_water_one_cm":568,"minecraft:sprint_one_cm":1057,"minecraft:play_time":1968,"minecraft:damage_taken":20,"minecraft:time_since_death":1968,"minecraft:walk_one_cm":1505,"minecraft:sneak_time":15,"minecraft:total_world_time":1968,"minecraft:walk_under_water_one_cm":782,"minecraft:swim_one_cm":4489,"minecraft:fall_one_cm":484,"minecraft:fly_one_cm":1629}},"DataVersion":2975}