{"stats":{"minecraft:custom":{"minecraft:time_since_rest":21787,"lootr:looted_stat":2,"minecraft:sprint_one_cm":32371,"minecraft:damage_taken":10,"minecraft:walk_one_cm":33068,"minecraft:fridge_opened":2,"minecraft:fly_one_cm":20568,"minecraft:swim_one_cm":1973,"minecraft:interact_with_crafting_table":1,"minecraft:freezer_opened":1,"minecraft:crouch_one_cm":14,"minecraft:play_time":21787,"minecraft:stove_opened":1,"minecraft:sneak_time":103,"minecraft:plate_used":14,"minecraft:walk_under_water_one_cm":1571,"minecraft:jump":115,"minecraft:leave_game":4,"minecraft:time_since_death":21787,"minecraft:walk_on_water_one_cm":1012,"minecraft:total_world_time":21787,"minecraft:climb_one_cm":1634,"minecraft:fall_one_cm":1903},"minecraft:crafted":{"minecraft:stick":4,"minecraft:air":19},"minecraft:used":{"minecraft:wooden_pickaxe":5,"minecraft:torch":3,"minecraft:potion":4,"minecraft:crafting_table":1,"minecraft:netherite_pickaxe":27,"farmersdelight:stuffed_pumpkin":3,"minecraft:air":7,"farmersdelight:honey_glazed_ham":1,"farmersdelight:beef_stew":1,"farmersdelight:roast_chicken":2},"minecraft:picked_up":{"biomesoplenty:redwood_log":907,"minecraft:stick":86,"minecraft:crafting_table":1,"minecraft:emerald_block":3,"minecraft:iron_door":4,"embellishcraft:smooth_marble":2,"minecraft:torch":1,"minecraft:bowl":7,"minecraft:gold_block":4,"quark:gunpowder_sack":4,"minecraft:gray_terracotta":2,"minecraft:iron_block":9,"biomesoplenty:redwood_sapling":116,"quark:gray_shard":8},"minecraft:broken":{"minecraft:wooden_axe":1},"minecraft:mined":{"minecraft:gray_terracotta":2,"quark:gunpowder_sack":4,"minecraft:crafting_table":1,"minecraft:gold_block":4,"minecraft:torch":1,"embellishcraft:smooth_marble":2,"minecraft:gray_stained_glass":2,"biomesoplenty:redwood_log":4,"minecraft:iron_block":9,"rocks:rock":1,"minecraft:iron_door":4,"minecraft:emerald_block":3,"minecraft:spawner":2}},"DataVersion":2975}