{"stats":{"minecraft:broken":{"minecraft:wooden_axe":1},"minecraft:used":{"minecraft:wooden_axe":4,"minecraft:bread":2,"minecraft:chest":2,"minecraft:wooden_pickaxe":21,"minecraft:torch":6,"minecraft:potion":2,"minecraft:crafting_table":1,"chalk:blue_chalk":14,"minecraft:light_gray_bed":2},"minecraft:picked_up":{"quark:light_gray_shard":7,"minecraft:stick":16,"minecraft:crafting_table":1,"minecraft:lilac":1,"biomesoplenty:white_cherry_sapling":31,"cfm:oak_hedge":2,"minecraft:brewing_stand":1,"minecraft:light_gray_bed":2,"minecraft:polished_blackstone_pressure_plate":1,"embellishcraft:air_duct":2,"minecraft:glass_bottle":2,"quark:gray_shard":21,"biomesoplenty:pink_cherry_sapling":10,"biomesoplenty:cherry_log":64},"minecraft:mined":{"biomesoplenty:cherry_log":3,"cfm:oak_hedge":2,"minecraft:lilac":1,"minecraft:brewing_stand":1,"minecraft:crafting_table":1,"biomesoplenty:pink_cherry_leaves":3,"minecraft:gray_stained_glass":4,"minecraft:light_gray_bed":2,"create:dark_oak_window_pane":2,"minecraft:oak_leaves":2,"minecraft:spawner":11},"minecraft:crafted":{"minecraft:air":36},"minecraft:custom":{"minecraft:time_since_rest":26240,"minecraft:sprint_one_cm":41097,"lootr:looted_stat":13,"minecraft:interact_with_furnace":2,"minecraft:damage_taken":50,"minecraft:walk_one_cm":92768,"minecraft:fridge_opened":2,"minecraft:swim_one_cm":3021,"minecraft:interact_with_crafting_table":6,"minecraft:fly_one_cm":35285,"minecraft:open_chest":2,"minecraft:crouch_one_cm":129,"minecraft:play_time":26240,"minecraft:sneak_time":134,"minecraft:walk_under_water_one_cm":192,"minecraft:jump":197,"minecraft:leave_game":1,"minecraft:walk_on_water_one_cm":1659,"minecraft:time_since_death":26240,"minecraft:climb_one_cm":10745,"minecraft:total_world_time":26240,"minecraft:fall_one_cm":3006}},"DataVersion":2975}