{"stats":{"minecraft:used":{"minecraft:stone_pickaxe":95,"apocalypsenow:heavy_machete":6,"minecraft:wooden_pickaxe":22,"minecraft:stone_axe":7,"biomesoplenty:cherry_door":7,"minecraft:torch":3,"minecraft:cobblestone":6,"minecraft:potion":3,"minecraft:crafting_table":1,"minecraft:andesite":1,"minecraft:granite":1},"minecraft:dropped":{"refinedstorage:improved_processor":1,"refinedstorage:cable":25},"minecraft:picked_up":{"minecraft:raw_iron":16,"embellishcraft:smooth_marble":2,"minecraft:andesite":3,"minecraft:leather":6,"refinedstorage:improved_processor":1,"minecraft:dirt":5,"minecraft:raw_copper":36,"minecraft:beef":5,"minecraft:granite":1,"refinedstorage:cable":25,"minecraft:coal":13,"biomesoplenty:cherry_door":7,"biomesoplenty:cherry_log":4,"minecraft:cobblestone":51},"minecraft:mined":{"minecraft:black_stained_glass_pane":4,"biomesoplenty:cherry_log":4,"embellishcraft:air_duct":2,"minecraft:light_gray_stained_glass":2,"minecraft:iron_ore":16,"minecraft:andesite":3,"biomesoplenty:cherry_door":7,"minecraft:granite":1,"minecraft:coal_ore":13,"embellishcraft:smooth_marble":2,"minecraft:grass_block":2,"minecraft:gray_stained_glass":2,"minecraft:dirt":3,"minecraft:copper_ore":11,"minecraft:stone":51,"minecraft:spawner":7},"minecraft:crafted":{"minecraft:stick":4,"minecraft:air":22},"minecraft:killed":{"minecraft:cow":3},"minecraft:custom":{"minecraft:time_since_rest":14195,"lootr:looted_stat":12,"minecraft:sprint_one_cm":34609,"minecraft:damage_taken":31,"minecraft:walk_one_cm":93801,"minecraft:mob_kills":3,"minecraft:drop":2,"minecraft:damage_dealt":300,"minecraft:toilet_used":1,"minecraft:swim_one_cm":33929,"minecraft:interact_with_crafting_table":3,"minecraft:fly_one_cm":12554,"minecraft:crouch_one_cm":2429,"minecraft:play_time":25247,"minecraft:sneak_time":860,"minecraft:walk_under_water_one_cm":14522,"minecraft:trashcan_opened":1,"minecraft:jump":116,"minecraft:drawer_searched":6,"minecraft:leave_game":1,"minecraft:time_since_death":25247,"minecraft:walk_on_water_one_cm":2932,"minecraft:sleep_in_bed":1,"minecraft:climb_one_cm":4390,"minecraft:total_world_time":25247,"minecraft:fall_one_cm":883}},"DataVersion":2975}